cadence_s,delay_s,contact_s,start_phase_s,protocol,motion_s,vulnerable_window_s,hesitation_s,predicted_gated_window_s
0.25,0.1,0.1,0.0,periodic,3.35,0.1,0.0,
0.25,0.1,0.1,0.0,dd6_phase_start_gate,3.45,0.2,0.1,0.2
0.25,0.1,0.1,0.05,periodic,3.35,0.15,0.0,
0.25,0.1,0.1,0.05,dd6_phase_start_gate,3.4,0.2,0.05,0.2
0.25,0.1,0.1,0.1,periodic,3.35,0.2,0.0,
0.25,0.1,0.1,0.1,dd6_phase_start_gate,3.6,0.2,0.25,0.2
0.25,0.1,0.1,0.15,periodic,3.35,0.25,0.0,
0.25,0.1,0.1,0.15,dd6_phase_start_gate,3.55,0.2,0.2,0.2
0.25,0.1,0.1,0.2,periodic,3.35,0.3,0.0,
0.25,0.1,0.1,0.2,dd6_phase_start_gate,3.5,0.2,0.15,0.2
0.25,0.1,0.3,0.0,periodic,3.35,0.1,0.0,
0.25,0.1,0.3,0.0,dd6_phase_start_gate,3.4,0.15,0.05,0.15
0.25,0.1,0.3,0.05,periodic,3.35,0.15,0.0,
0.25,0.1,0.3,0.05,dd6_phase_start_gate,3.6,0.15,0.25,0.15
0.25,0.1,0.3,0.1,periodic,3.35,0.2,0.0,
0.25,0.1,0.3,0.1,dd6_phase_start_gate,3.55,0.15,0.2,0.15
0.25,0.1,0.3,0.15,periodic,3.35,0.25,0.0,
0.25,0.1,0.3,0.15,dd6_phase_start_gate,3.5,0.15,0.15,0.15
0.25,0.1,0.3,0.2,periodic,3.35,0.3,0.0,
0.25,0.1,0.3,0.2,dd6_phase_start_gate,3.45,0.15,0.1,0.15
0.25,0.1,0.4,0.0,periodic,3.35,0.1,0.0,
0.25,0.1,0.4,0.0,dd6_phase_start_gate,3.5,0.25,0.15,0.25
0.25,0.1,0.4,0.05,periodic,3.35,0.15,0.0,
0.25,0.1,0.4,0.05,dd6_phase_start_gate,3.45,0.25,0.1,0.25
0.25,0.1,0.4,0.1,periodic,3.35,0.2,0.0,
0.25,0.1,0.4,0.1,dd6_phase_start_gate,3.4,0.25,0.05,0.25
0.25,0.1,0.4,0.15,periodic,3.35,0.25,0.0,
0.25,0.1,0.4,0.15,dd6_phase_start_gate,3.6,0.25,0.25,0.25
0.25,0.1,0.4,0.2,periodic,3.35,0.3,0.0,
0.25,0.1,0.4,0.2,dd6_phase_start_gate,3.55,0.25,0.2,0.25
0.25,0.1,0.6,0.0,periodic,3.35,0.1,0.0,
0.25,0.1,0.6,0.0,dd6_phase_start_gate,3.45,0.2,0.1,0.2
0.25,0.1,0.6,0.05,periodic,3.35,0.15,0.0,
0.25,0.1,0.6,0.05,dd6_phase_start_gate,3.4,0.2,0.05,0.2
0.25,0.1,0.6,0.1,periodic,3.35,0.2,0.0,
0.25,0.1,0.6,0.1,dd6_phase_start_gate,3.6,0.2,0.25,0.2
0.25,0.1,0.6,0.15,periodic,3.35,0.25,0.0,
0.25,0.1,0.6,0.15,dd6_phase_start_gate,3.55,0.2,0.2,0.2
0.25,0.1,0.6,0.2,periodic,3.35,0.3,0.0,
0.25,0.1,0.6,0.2,dd6_phase_start_gate,3.5,0.2,0.15,0.2
0.25,0.1,0.9,0.0,periodic,3.35,0.1,0.0,
0.25,0.1,0.9,0.0,dd6_phase_start_gate,3.5,0.25,0.15,0.25
0.25,0.1,0.9,0.05,periodic,3.35,0.15,0.0,
0.25,0.1,0.9,0.05,dd6_phase_start_gate,3.45,0.25,0.1,0.25
0.25,0.1,0.9,0.1,periodic,3.35,0.2,0.0,
0.25,0.1,0.9,0.1,dd6_phase_start_gate,3.4,0.25,0.05,0.25
0.25,0.1,0.9,0.15,periodic,3.35,0.25,0.0,
0.25,0.1,0.9,0.15,dd6_phase_start_gate,3.6,0.25,0.25,0.25
0.25,0.1,0.9,0.2,periodic,3.35,0.3,0.0,
0.25,0.1,0.9,0.2,dd6_phase_start_gate,3.55,0.25,0.2,0.25
0.25,0.1,1.0,0.0,periodic,3.35,0.1,0.0,
0.25,0.1,1.0,0.0,dd6_phase_start_gate,3.6,0.1,0.25,0.1
0.25,0.1,1.0,0.05,periodic,3.35,0.15,0.0,
0.25,0.1,1.0,0.05,dd6_phase_start_gate,3.55,0.1,0.2,0.1
0.25,0.1,1.0,0.1,periodic,3.35,0.2,0.0,
0.25,0.1,1.0,0.1,dd6_phase_start_gate,3.5,0.1,0.15,0.1
0.25,0.1,1.0,0.15,periodic,3.35,0.25,0.0,
0.25,0.1,1.0,0.15,dd6_phase_start_gate,3.45,0.1,0.1,0.1
0.25,0.1,1.0,0.2,periodic,3.35,0.3,0.0,
0.25,0.1,1.0,0.2,dd6_phase_start_gate,3.4,0.1,0.05,0.1
0.25,0.1,1.15,0.0,periodic,3.35,0.1,0.0,
0.25,0.1,1.15,0.0,dd6_phase_start_gate,3.5,0.25,0.15,0.25
0.25,0.1,1.15,0.05,periodic,3.35,0.15,0.0,
0.25,0.1,1.15,0.05,dd6_phase_start_gate,3.45,0.25,0.1,0.25
0.25,0.1,1.15,0.1,periodic,3.35,0.2,0.0,
0.25,0.1,1.15,0.1,dd6_phase_start_gate,3.4,0.25,0.05,0.25
0.25,0.1,1.15,0.15,periodic,3.35,0.25,0.0,
0.25,0.1,1.15,0.15,dd6_phase_start_gate,3.6,0.25,0.25,0.25
0.25,0.1,1.15,0.2,periodic,3.35,0.3,0.0,
0.25,0.1,1.15,0.2,dd6_phase_start_gate,3.55,0.25,0.2,0.25
0.1,0.02,0.1,0.0,periodic,3.35,0.05,0.0,
0.1,0.02,0.1,0.0,dd6_phase_start_gate,3.45,0.05,0.1,0.05
0.1,0.02,0.1,0.05,periodic,3.35,0.1,0.0,
0.1,0.02,0.1,0.05,dd6_phase_start_gate,3.4,0.05,0.05,0.05
0.1,0.02,0.3,0.0,periodic,3.35,0.05,0.0,
0.1,0.02,0.3,0.0,dd6_phase_start_gate,3.45,0.05,0.1,0.05
0.1,0.02,0.3,0.05,periodic,3.35,0.1,0.0,
0.1,0.02,0.3,0.05,dd6_phase_start_gate,3.4,0.05,0.05,0.05
0.1,0.02,0.4,0.0,periodic,3.35,0.05,0.0,
0.1,0.02,0.4,0.0,dd6_phase_start_gate,3.45,0.05,0.1,0.05
0.1,0.02,0.4,0.05,periodic,3.35,0.1,0.0,
0.1,0.02,0.4,0.05,dd6_phase_start_gate,3.4,0.05,0.05,0.05
0.1,0.02,0.6,0.0,periodic,3.35,0.05,0.0,
0.1,0.02,0.6,0.0,dd6_phase_start_gate,3.45,0.05,0.1,0.05
0.1,0.02,0.6,0.05,periodic,3.35,0.1,0.0,
0.1,0.02,0.6,0.05,dd6_phase_start_gate,3.4,0.05,0.05,0.05
0.1,0.02,0.9,0.0,periodic,3.35,0.05,0.0,
0.1,0.02,0.9,0.0,dd6_phase_start_gate,3.45,0.05,0.1,0.05
0.1,0.02,0.9,0.05,periodic,3.35,0.1,0.0,
0.1,0.02,0.9,0.05,dd6_phase_start_gate,3.4,0.05,0.05,0.05
0.1,0.02,1.0,0.0,periodic,3.35,0.05,0.0,
0.1,0.02,1.0,0.0,dd6_phase_start_gate,3.45,0.05,0.1,0.05
0.1,0.02,1.0,0.05,periodic,3.35,0.1,0.0,
0.1,0.02,1.0,0.05,dd6_phase_start_gate,3.4,0.05,0.05,0.05
0.1,0.02,1.15,0.0,periodic,3.35,0.05,0.0,
0.1,0.02,1.15,0.0,dd6_phase_start_gate,3.4,0.1,0.05,0.1
0.1,0.02,1.15,0.05,periodic,3.35,0.1,0.0,
0.1,0.02,1.15,0.05,dd6_phase_start_gate,3.45,0.1,0.1,0.1
