protocol,contact_s,delta_s,cadence_s,delay_s,loss,effect_after_rev,exposure_mean_s,exposure_max_s,availability_stop,benign_completion,hesitation_mean_s,hesitation_p95_s,hesitation_max_s
v0.4.3_periodic,0.1,0.25,0.05,0.02,0.0,0.0,0.075,0.097,0.0,1.0,0.0,0.0,0.0
v0.4.3_periodic,0.1,0.25,0.05,0.02,0.1,0.0,0.075,0.097,0.0,1.0,0.0,0.0,0.0
v0.4.3_periodic,0.1,0.25,0.05,0.02,0.3,0.0,0.093,0.195,0.05,0.95,0.0,0.0,0.0
v0.4.3_periodic,0.1,0.25,0.05,0.1,0.0,0.05,0.173,0.197,0.0,1.0,0.0,0.0,0.0
v0.4.3_periodic,0.1,0.25,0.05,0.1,0.1,0.0,0.166,0.197,0.05,0.95,0.0,0.0,0.0
v0.4.3_periodic,0.1,0.25,0.05,0.1,0.3,0.0,0.088,0.295,0.85,0.1,0.0,0.0,0.0
v0.4.3_periodic,0.1,0.25,0.1,0.02,0.0,0.0,0.1,0.147,0.0,1.0,0.0,0.0,0.0
v0.4.3_periodic,0.1,0.25,0.1,0.02,0.1,0.0,0.096,0.206,0.2,0.8,0.0,0.0,0.0
v0.4.3_periodic,0.1,0.25,0.1,0.02,0.3,0.0,0.046,0.233,0.8,0.05,0.0,0.0,0.0
v0.4.3_periodic,0.1,0.25,0.1,0.1,0.0,0.05,0.195,0.247,0.0,1.0,0.0,0.0,0.0
v0.4.3_periodic,0.1,0.25,0.1,0.1,0.1,0.0,0.058,0.238,0.9,0.0,0.0,0.0,0.0
v0.4.3_periodic,0.1,0.25,0.1,0.1,0.3,0.0,0.013,0.159,0.6,0.0,0.0,0.0,0.0
v0.4.3_periodic,0.1,0.25,0.25,0.02,0.0,0.0,0.203,0.297,0.0,1.0,0.0,0.0,0.0
v0.4.3_periodic,0.1,0.25,0.25,0.02,0.1,0.0,0.113,0.297,0.65,0.2,0.0,0.0,0.0
v0.4.3_periodic,0.1,0.25,0.25,0.02,0.3,0.0,0.037,0.297,0.5,0.0,0.0,0.0,0.0
v0.4.3_periodic,0.1,0.25,0.25,0.1,0.0,0.0,0,0,1.0,0.0,0.0,0.0,0.0
v0.4.3_periodic,0.1,0.25,0.25,0.1,0.1,0.0,0,0,0.85,0.0,0.0,0.0,0.0
v0.4.3_periodic,0.1,0.25,0.25,0.1,0.3,0.0,0,0,0.5,0.0,0.0,0.0,0.0
v0.4.3_periodic,0.1,0.5,0.05,0.02,0.0,0.0,0.075,0.097,0.0,1.0,0.0,0.0,0.0
v0.4.3_periodic,0.1,0.5,0.05,0.02,0.1,0.0,0.075,0.097,0.0,1.0,0.0,0.0,0.0
v0.4.3_periodic,0.1,0.5,0.05,0.02,0.3,0.0,0.093,0.195,0.0,1.0,0.0,0.0,0.0
v0.4.3_periodic,0.1,0.5,0.05,0.1,0.0,0.05,0.173,0.197,0.0,1.0,0.0,0.0,0.0
v0.4.3_periodic,0.1,0.5,0.05,0.1,0.1,0.05,0.173,0.197,0.0,1.0,0.0,0.0,0.0
v0.4.3_periodic,0.1,0.5,0.05,0.1,0.3,0.05,0.19,0.295,0.0,1.0,0.0,0.0,0.0
v0.4.3_periodic,0.1,0.5,0.1,0.02,0.0,0.0,0.1,0.147,0.0,1.0,0.0,0.0,0.0
v0.4.3_periodic,0.1,0.5,0.1,0.02,0.1,0.0,0.115,0.206,0.0,1.0,0.0,0.0,0.0
v0.4.3_periodic,0.1,0.5,0.1,0.02,0.3,0.05,0.15,0.335,0.0,1.0,0.0,0.0,0.0
v0.4.3_periodic,0.1,0.5,0.1,0.1,0.0,0.05,0.195,0.247,0.0,1.0,0.0,0.0,0.0
v0.4.3_periodic,0.1,0.5,0.1,0.1,0.1,0.05,0.21,0.306,0.0,1.0,0.0,0.0,0.0
v0.4.3_periodic,0.1,0.5,0.1,0.1,0.3,0.05,0.245,0.435,0.0,1.0,0.0,0.0,0.0
v0.4.3_periodic,0.1,0.5,0.25,0.02,0.0,0.0,0.203,0.297,0.0,1.0,0.0,0.0,0.0
v0.4.3_periodic,0.1,0.5,0.25,0.02,0.1,0.0,0.224,0.547,0.15,0.85,0.0,0.0,0.0
v0.4.3_periodic,0.1,0.5,0.25,0.02,0.3,0.0,0.153,0.547,0.85,0.15,0.0,0.0,0.0
v0.4.3_periodic,0.1,0.5,0.25,0.1,0.0,0.15,0.295,0.397,0.0,1.0,0.0,0.0,0.0
v0.4.3_periodic,0.1,0.5,0.25,0.1,0.1,0.05,0.16,0.547,0.8,0.2,0.0,0.0,0.0
v0.4.3_periodic,0.1,0.5,0.25,0.1,0.3,0.0,0.048,0.547,1.0,0.0,0.0,0.0,0.0
v0.4.3_periodic,0.1,1.0,0.05,0.02,0.0,0.0,0.075,0.097,0.0,1.0,0.0,0.0,0.0
v0.4.3_periodic,0.1,1.0,0.05,0.02,0.1,0.0,0.075,0.097,0.0,1.0,0.0,0.0,0.0
v0.4.3_periodic,0.1,1.0,0.05,0.02,0.3,0.0,0.093,0.195,0.0,1.0,0.0,0.0,0.0
v0.4.3_periodic,0.1,1.0,0.05,0.1,0.0,0.05,0.173,0.197,0.0,1.0,0.0,0.0,0.0
v0.4.3_periodic,0.1,1.0,0.05,0.1,0.1,0.05,0.173,0.197,0.0,1.0,0.0,0.0,0.0
v0.4.3_periodic,0.1,1.0,0.05,0.1,0.3,0.05,0.19,0.295,0.0,1.0,0.0,0.0,0.0
v0.4.3_periodic,0.1,1.0,0.1,0.02,0.0,0.0,0.1,0.147,0.0,1.0,0.0,0.0,0.0
v0.4.3_periodic,0.1,1.0,0.1,0.02,0.1,0.0,0.115,0.206,0.0,1.0,0.0,0.0,0.0
v0.4.3_periodic,0.1,1.0,0.1,0.02,0.3,0.05,0.15,0.335,0.0,1.0,0.0,0.0,0.0
v0.4.3_periodic,0.1,1.0,0.1,0.1,0.0,0.05,0.195,0.247,0.0,1.0,0.0,0.0,0.0
v0.4.3_periodic,0.1,1.0,0.1,0.1,0.1,0.05,0.21,0.306,0.0,1.0,0.0,0.0,0.0
v0.4.3_periodic,0.1,1.0,0.1,0.1,0.3,0.05,0.245,0.435,0.0,1.0,0.0,0.0,0.0
v0.4.3_periodic,0.1,1.0,0.25,0.02,0.0,0.0,0.203,0.297,0.0,1.0,0.0,0.0,0.0
v0.4.3_periodic,0.1,1.0,0.25,0.02,0.1,0.0,0.24,0.797,0.0,1.0,0.0,0.0,0.0
v0.4.3_periodic,0.1,1.0,0.25,0.02,0.3,0.05,0.355,0.993,0.05,0.95,0.0,0.0,0.0
v0.4.3_periodic,0.1,1.0,0.25,0.1,0.0,0.15,0.295,0.397,0.0,1.0,0.0,0.0,0.0
v0.4.3_periodic,0.1,1.0,0.25,0.1,0.1,0.15,0.333,0.897,0.0,1.0,0.0,0.0,0.0
v0.4.3_periodic,0.1,1.0,0.25,0.1,0.3,0.1,0.37,0.993,0.4,0.6,0.0,0.0,0.0
v0.4.3_periodic,0.3,0.25,0.05,0.02,0.0,0.0,0.075,0.097,0.0,1.0,0.0,0.0,0.0
v0.4.3_periodic,0.3,0.25,0.05,0.02,0.1,0.0,0.075,0.097,0.0,1.0,0.0,0.0,0.0
v0.4.3_periodic,0.3,0.25,0.05,0.02,0.3,0.0,0.093,0.195,0.05,0.95,0.0,0.0,0.0
v0.4.3_periodic,0.3,0.25,0.05,0.1,0.0,0.05,0.173,0.197,0.0,1.0,0.0,0.0,0.0
v0.4.3_periodic,0.3,0.25,0.05,0.1,0.1,0.0,0.166,0.197,0.05,0.95,0.0,0.0,0.0
v0.4.3_periodic,0.3,0.25,0.05,0.1,0.3,0.0,0.088,0.295,0.85,0.1,0.0,0.0,0.0
v0.4.3_periodic,0.3,0.25,0.1,0.02,0.0,0.0,0.1,0.147,0.0,1.0,0.0,0.0,0.0
v0.4.3_periodic,0.3,0.25,0.1,0.02,0.1,0.0,0.096,0.206,0.2,0.8,0.0,0.0,0.0
v0.4.3_periodic,0.3,0.25,0.1,0.02,0.3,0.0,0.046,0.233,0.8,0.05,0.0,0.0,0.0
v0.4.3_periodic,0.3,0.25,0.1,0.1,0.0,0.05,0.195,0.247,0.0,1.0,0.0,0.0,0.0
v0.4.3_periodic,0.3,0.25,0.1,0.1,0.1,0.0,0.058,0.238,0.9,0.0,0.0,0.0,0.0
v0.4.3_periodic,0.3,0.25,0.1,0.1,0.3,0.0,0.013,0.159,0.6,0.0,0.0,0.0,0.0
v0.4.3_periodic,0.3,0.25,0.25,0.02,0.0,0.0,0.203,0.297,0.0,1.0,0.0,0.0,0.0
v0.4.3_periodic,0.3,0.25,0.25,0.02,0.1,0.0,0.113,0.297,0.65,0.2,0.0,0.0,0.0
v0.4.3_periodic,0.3,0.25,0.25,0.02,0.3,0.0,0.037,0.297,0.5,0.0,0.0,0.0,0.0
v0.4.3_periodic,0.3,0.25,0.25,0.1,0.0,0.0,0,0,1.0,0.0,0.0,0.0,0.0
v0.4.3_periodic,0.3,0.25,0.25,0.1,0.1,0.0,0,0,0.85,0.0,0.0,0.0,0.0
v0.4.3_periodic,0.3,0.25,0.25,0.1,0.3,0.0,0,0,0.5,0.0,0.0,0.0,0.0
v0.4.3_periodic,0.3,0.5,0.05,0.02,0.0,0.0,0.075,0.097,0.0,1.0,0.0,0.0,0.0
v0.4.3_periodic,0.3,0.5,0.05,0.02,0.1,0.0,0.075,0.097,0.0,1.0,0.0,0.0,0.0
v0.4.3_periodic,0.3,0.5,0.05,0.02,0.3,0.0,0.093,0.195,0.0,1.0,0.0,0.0,0.0
v0.4.3_periodic,0.3,0.5,0.05,0.1,0.0,0.05,0.173,0.197,0.0,1.0,0.0,0.0,0.0
v0.4.3_periodic,0.3,0.5,0.05,0.1,0.1,0.05,0.173,0.197,0.0,1.0,0.0,0.0,0.0
v0.4.3_periodic,0.3,0.5,0.05,0.1,0.3,0.05,0.19,0.295,0.0,1.0,0.0,0.0,0.0
v0.4.3_periodic,0.3,0.5,0.1,0.02,0.0,0.0,0.1,0.147,0.0,1.0,0.0,0.0,0.0
v0.4.3_periodic,0.3,0.5,0.1,0.02,0.1,0.0,0.115,0.206,0.0,1.0,0.0,0.0,0.0
v0.4.3_periodic,0.3,0.5,0.1,0.02,0.3,0.05,0.15,0.335,0.0,1.0,0.0,0.0,0.0
v0.4.3_periodic,0.3,0.5,0.1,0.1,0.0,0.05,0.195,0.247,0.0,1.0,0.0,0.0,0.0
v0.4.3_periodic,0.3,0.5,0.1,0.1,0.1,0.05,0.21,0.306,0.0,1.0,0.0,0.0,0.0
v0.4.3_periodic,0.3,0.5,0.1,0.1,0.3,0.05,0.245,0.435,0.0,1.0,0.0,0.0,0.0
v0.4.3_periodic,0.3,0.5,0.25,0.02,0.0,0.0,0.203,0.297,0.0,1.0,0.0,0.0,0.0
v0.4.3_periodic,0.3,0.5,0.25,0.02,0.1,0.0,0.224,0.547,0.15,0.85,0.0,0.0,0.0
v0.4.3_periodic,0.3,0.5,0.25,0.02,0.3,0.0,0.153,0.547,0.85,0.15,0.0,0.0,0.0
v0.4.3_periodic,0.3,0.5,0.25,0.1,0.0,0.15,0.295,0.397,0.0,1.0,0.0,0.0,0.0
v0.4.3_periodic,0.3,0.5,0.25,0.1,0.1,0.05,0.16,0.547,0.8,0.2,0.0,0.0,0.0
v0.4.3_periodic,0.3,0.5,0.25,0.1,0.3,0.0,0.048,0.547,1.0,0.0,0.0,0.0,0.0
v0.4.3_periodic,0.3,1.0,0.05,0.02,0.0,0.0,0.075,0.097,0.0,1.0,0.0,0.0,0.0
v0.4.3_periodic,0.3,1.0,0.05,0.02,0.1,0.0,0.075,0.097,0.0,1.0,0.0,0.0,0.0
v0.4.3_periodic,0.3,1.0,0.05,0.02,0.3,0.0,0.093,0.195,0.0,1.0,0.0,0.0,0.0
v0.4.3_periodic,0.3,1.0,0.05,0.1,0.0,0.05,0.173,0.197,0.0,1.0,0.0,0.0,0.0
v0.4.3_periodic,0.3,1.0,0.05,0.1,0.1,0.05,0.173,0.197,0.0,1.0,0.0,0.0,0.0
v0.4.3_periodic,0.3,1.0,0.05,0.1,0.3,0.05,0.19,0.295,0.0,1.0,0.0,0.0,0.0
v0.4.3_periodic,0.3,1.0,0.1,0.02,0.0,0.0,0.1,0.147,0.0,1.0,0.0,0.0,0.0
v0.4.3_periodic,0.3,1.0,0.1,0.02,0.1,0.0,0.115,0.206,0.0,1.0,0.0,0.0,0.0
v0.4.3_periodic,0.3,1.0,0.1,0.02,0.3,0.05,0.15,0.335,0.0,1.0,0.0,0.0,0.0
v0.4.3_periodic,0.3,1.0,0.1,0.1,0.0,0.05,0.195,0.247,0.0,1.0,0.0,0.0,0.0
v0.4.3_periodic,0.3,1.0,0.1,0.1,0.1,0.05,0.21,0.306,0.0,1.0,0.0,0.0,0.0
v0.4.3_periodic,0.3,1.0,0.1,0.1,0.3,0.05,0.245,0.435,0.0,1.0,0.0,0.0,0.0
v0.4.3_periodic,0.3,1.0,0.25,0.02,0.0,0.0,0.203,0.297,0.0,1.0,0.0,0.0,0.0
v0.4.3_periodic,0.3,1.0,0.25,0.02,0.1,0.0,0.24,0.797,0.0,1.0,0.0,0.0,0.0
v0.4.3_periodic,0.3,1.0,0.25,0.02,0.3,0.05,0.355,0.993,0.05,0.95,0.0,0.0,0.0
v0.4.3_periodic,0.3,1.0,0.25,0.1,0.0,0.15,0.295,0.397,0.0,1.0,0.0,0.0,0.0
v0.4.3_periodic,0.3,1.0,0.25,0.1,0.1,0.15,0.333,0.897,0.0,1.0,0.0,0.0,0.0
v0.4.3_periodic,0.3,1.0,0.25,0.1,0.3,0.1,0.37,0.993,0.4,0.6,0.0,0.0,0.0
v0.4.3_periodic,1.0,0.25,0.05,0.02,0.0,0.0,0.075,0.097,0.0,1.0,0.0,0.0,0.0
v0.4.3_periodic,1.0,0.25,0.05,0.02,0.1,0.0,0.075,0.097,0.0,1.0,0.0,0.0,0.0
v0.4.3_periodic,1.0,0.25,0.05,0.02,0.3,0.0,0.093,0.195,0.05,0.95,0.0,0.0,0.0
v0.4.3_periodic,1.0,0.25,0.05,0.1,0.0,0.05,0.173,0.197,0.0,1.0,0.0,0.0,0.0
v0.4.3_periodic,1.0,0.25,0.05,0.1,0.1,0.0,0.166,0.197,0.05,0.95,0.0,0.0,0.0
v0.4.3_periodic,1.0,0.25,0.05,0.1,0.3,0.0,0.088,0.295,0.85,0.1,0.0,0.0,0.0
v0.4.3_periodic,1.0,0.25,0.1,0.02,0.0,0.0,0.1,0.147,0.0,1.0,0.0,0.0,0.0
v0.4.3_periodic,1.0,0.25,0.1,0.02,0.1,0.0,0.096,0.206,0.2,0.8,0.0,0.0,0.0
v0.4.3_periodic,1.0,0.25,0.1,0.02,0.3,0.0,0.046,0.233,0.8,0.05,0.0,0.0,0.0
v0.4.3_periodic,1.0,0.25,0.1,0.1,0.0,0.05,0.195,0.247,0.0,1.0,0.0,0.0,0.0
v0.4.3_periodic,1.0,0.25,0.1,0.1,0.1,0.0,0.058,0.238,0.9,0.0,0.0,0.0,0.0
v0.4.3_periodic,1.0,0.25,0.1,0.1,0.3,0.0,0.013,0.159,0.6,0.0,0.0,0.0,0.0
v0.4.3_periodic,1.0,0.25,0.25,0.02,0.0,0.0,0.203,0.297,0.0,1.0,0.0,0.0,0.0
v0.4.3_periodic,1.0,0.25,0.25,0.02,0.1,0.0,0.113,0.297,0.65,0.2,0.0,0.0,0.0
v0.4.3_periodic,1.0,0.25,0.25,0.02,0.3,0.0,0.037,0.297,0.5,0.0,0.0,0.0,0.0
v0.4.3_periodic,1.0,0.25,0.25,0.1,0.0,0.0,0,0,1.0,0.0,0.0,0.0,0.0
v0.4.3_periodic,1.0,0.25,0.25,0.1,0.1,0.0,0,0,0.85,0.0,0.0,0.0,0.0
v0.4.3_periodic,1.0,0.25,0.25,0.1,0.3,0.0,0,0,0.5,0.0,0.0,0.0,0.0
v0.4.3_periodic,1.0,0.5,0.05,0.02,0.0,0.0,0.075,0.097,0.0,1.0,0.0,0.0,0.0
v0.4.3_periodic,1.0,0.5,0.05,0.02,0.1,0.0,0.075,0.097,0.0,1.0,0.0,0.0,0.0
v0.4.3_periodic,1.0,0.5,0.05,0.02,0.3,0.0,0.093,0.195,0.0,1.0,0.0,0.0,0.0
v0.4.3_periodic,1.0,0.5,0.05,0.1,0.0,0.05,0.173,0.197,0.0,1.0,0.0,0.0,0.0
v0.4.3_periodic,1.0,0.5,0.05,0.1,0.1,0.05,0.173,0.197,0.0,1.0,0.0,0.0,0.0
v0.4.3_periodic,1.0,0.5,0.05,0.1,0.3,0.05,0.19,0.295,0.0,1.0,0.0,0.0,0.0
v0.4.3_periodic,1.0,0.5,0.1,0.02,0.0,0.0,0.1,0.147,0.0,1.0,0.0,0.0,0.0
v0.4.3_periodic,1.0,0.5,0.1,0.02,0.1,0.0,0.115,0.206,0.0,1.0,0.0,0.0,0.0
v0.4.3_periodic,1.0,0.5,0.1,0.02,0.3,0.05,0.15,0.335,0.0,1.0,0.0,0.0,0.0
v0.4.3_periodic,1.0,0.5,0.1,0.1,0.0,0.05,0.195,0.247,0.0,1.0,0.0,0.0,0.0
v0.4.3_periodic,1.0,0.5,0.1,0.1,0.1,0.05,0.21,0.306,0.0,1.0,0.0,0.0,0.0
v0.4.3_periodic,1.0,0.5,0.1,0.1,0.3,0.05,0.245,0.435,0.0,1.0,0.0,0.0,0.0
v0.4.3_periodic,1.0,0.5,0.25,0.02,0.0,0.0,0.203,0.297,0.0,1.0,0.0,0.0,0.0
v0.4.3_periodic,1.0,0.5,0.25,0.02,0.1,0.0,0.224,0.547,0.15,0.85,0.0,0.0,0.0
v0.4.3_periodic,1.0,0.5,0.25,0.02,0.3,0.0,0.153,0.547,0.85,0.15,0.0,0.0,0.0
v0.4.3_periodic,1.0,0.5,0.25,0.1,0.0,0.15,0.295,0.397,0.0,1.0,0.0,0.0,0.0
v0.4.3_periodic,1.0,0.5,0.25,0.1,0.1,0.05,0.16,0.547,0.8,0.2,0.0,0.0,0.0
v0.4.3_periodic,1.0,0.5,0.25,0.1,0.3,0.0,0.048,0.547,1.0,0.0,0.0,0.0,0.0
v0.4.3_periodic,1.0,1.0,0.05,0.02,0.0,0.0,0.075,0.097,0.0,1.0,0.0,0.0,0.0
v0.4.3_periodic,1.0,1.0,0.05,0.02,0.1,0.0,0.075,0.097,0.0,1.0,0.0,0.0,0.0
v0.4.3_periodic,1.0,1.0,0.05,0.02,0.3,0.0,0.093,0.195,0.0,1.0,0.0,0.0,0.0
v0.4.3_periodic,1.0,1.0,0.05,0.1,0.0,0.05,0.173,0.197,0.0,1.0,0.0,0.0,0.0
v0.4.3_periodic,1.0,1.0,0.05,0.1,0.1,0.05,0.173,0.197,0.0,1.0,0.0,0.0,0.0
v0.4.3_periodic,1.0,1.0,0.05,0.1,0.3,0.05,0.19,0.295,0.0,1.0,0.0,0.0,0.0
v0.4.3_periodic,1.0,1.0,0.1,0.02,0.0,0.0,0.1,0.147,0.0,1.0,0.0,0.0,0.0
v0.4.3_periodic,1.0,1.0,0.1,0.02,0.1,0.0,0.115,0.206,0.0,1.0,0.0,0.0,0.0
v0.4.3_periodic,1.0,1.0,0.1,0.02,0.3,0.05,0.15,0.335,0.0,1.0,0.0,0.0,0.0
v0.4.3_periodic,1.0,1.0,0.1,0.1,0.0,0.05,0.195,0.247,0.0,1.0,0.0,0.0,0.0
v0.4.3_periodic,1.0,1.0,0.1,0.1,0.1,0.05,0.21,0.306,0.0,1.0,0.0,0.0,0.0
v0.4.3_periodic,1.0,1.0,0.1,0.1,0.3,0.05,0.245,0.435,0.0,1.0,0.0,0.0,0.0
v0.4.3_periodic,1.0,1.0,0.25,0.02,0.0,0.0,0.203,0.297,0.0,1.0,0.0,0.0,0.0
v0.4.3_periodic,1.0,1.0,0.25,0.02,0.1,0.0,0.24,0.797,0.0,1.0,0.0,0.0,0.0
v0.4.3_periodic,1.0,1.0,0.25,0.02,0.3,0.05,0.355,0.993,0.05,0.95,0.0,0.0,0.0
v0.4.3_periodic,1.0,1.0,0.25,0.1,0.0,0.15,0.295,0.397,0.0,1.0,0.0,0.0,0.0
v0.4.3_periodic,1.0,1.0,0.25,0.1,0.1,0.15,0.333,0.897,0.0,1.0,0.0,0.0,0.0
v0.4.3_periodic,1.0,1.0,0.25,0.1,0.3,0.1,0.37,0.993,0.4,0.6,0.0,0.0,0.0
dd6_seq_gate,0.1,0.25,0.05,0.02,0.0,0.0,0.075,0.097,0.0,1.0,0.05,0.05,0.05
dd6_seq_gate,0.1,0.25,0.05,0.02,0.1,0.0,0.075,0.097,0.0,1.0,0.058,0.1,0.1
dd6_seq_gate,0.1,0.25,0.05,0.02,0.3,0.0,0.093,0.195,0.1,0.9,0.083,0.2,0.25
dd6_seq_gate,0.1,0.25,0.05,0.1,0.0,0.0,0.175,0.197,0.0,1.0,0.05,0.05,0.05
dd6_seq_gate,0.1,0.25,0.05,0.1,0.1,0.0,0.166,0.197,0.05,0.95,0.05,0.05,0.1
dd6_seq_gate,0.1,0.25,0.05,0.1,0.3,0.0,0.088,0.295,0.85,0.1,0.008,0.05,0.1
dd6_seq_gate,0.1,0.25,0.1,0.02,0.0,0.0,0.1,0.147,0.0,1.0,0.1,0.1,0.1
dd6_seq_gate,0.1,0.25,0.1,0.02,0.1,0.0,0.096,0.206,0.25,0.75,0.083,0.1,0.15
dd6_seq_gate,0.1,0.25,0.1,0.02,0.3,0.0,0.046,0.233,0.8,0.05,0.006,0.0,0.1
dd6_seq_gate,0.1,0.25,0.1,0.1,0.0,0.0,0.2,0.247,0.0,1.0,0.1,0.1,0.1
dd6_seq_gate,0.1,0.25,0.1,0.1,0.1,0.0,0.058,0.238,0.9,0.0,0.0,0.0,0.0
dd6_seq_gate,0.1,0.25,0.1,0.1,0.3,0.0,0.013,0.159,0.6,0.0,0.0,0.0,0.0
dd6_seq_gate,0.1,0.25,0.25,0.02,0.0,0.0,0.203,0.297,0.0,1.0,0.05,0.05,0.05
dd6_seq_gate,0.1,0.25,0.25,0.02,0.1,0.0,0.113,0.297,0.65,0.2,0.012,0.05,0.05
dd6_seq_gate,0.1,0.25,0.25,0.02,0.3,0.0,0.037,0.297,0.5,0.0,0.0,0.0,0.0
dd6_seq_gate,0.1,0.25,0.25,0.1,0.0,0.0,0,0,1.0,0.0,0.0,0.0,0.0
dd6_seq_gate,0.1,0.25,0.25,0.1,0.1,0.0,0,0,0.85,0.0,0.0,0.0,0.0
dd6_seq_gate,0.1,0.25,0.25,0.1,0.3,0.0,0,0,0.5,0.0,0.0,0.0,0.0
dd6_seq_gate,0.1,0.5,0.05,0.02,0.0,0.0,0.075,0.097,0.0,1.0,0.05,0.05,0.05
dd6_seq_gate,0.1,0.5,0.05,0.02,0.1,0.0,0.075,0.097,0.0,1.0,0.058,0.1,0.1
dd6_seq_gate,0.1,0.5,0.05,0.02,0.3,0.0,0.093,0.195,0.0,1.0,0.095,0.25,0.3
dd6_seq_gate,0.1,0.5,0.05,0.1,0.0,0.0,0.175,0.197,0.0,1.0,0.05,0.05,0.05
dd6_seq_gate,0.1,0.5,0.05,0.1,0.1,0.0,0.175,0.197,0.0,1.0,0.053,0.05,0.1
dd6_seq_gate,0.1,0.5,0.05,0.1,0.3,0.0,0.193,0.295,0.0,1.0,0.07,0.1,0.15
dd6_seq_gate,0.1,0.5,0.1,0.02,0.0,0.0,0.1,0.147,0.0,1.0,0.1,0.1,0.1
dd6_seq_gate,0.1,0.5,0.1,0.02,0.1,0.0,0.115,0.206,0.0,1.0,0.105,0.1,0.2
dd6_seq_gate,0.1,0.5,0.1,0.02,0.3,0.0,0.16,0.335,0.0,1.0,0.16,0.3,0.3
dd6_seq_gate,0.1,0.5,0.1,0.1,0.0,0.0,0.2,0.247,0.0,1.0,0.1,0.1,0.1
dd6_seq_gate,0.1,0.5,0.1,0.1,0.1,0.0,0.215,0.306,0.0,1.0,0.11,0.1,0.3
dd6_seq_gate,0.1,0.5,0.1,0.1,0.3,0.05,0.25,0.435,0.05,0.95,0.135,0.2,0.3
dd6_seq_gate,0.1,0.5,0.25,0.02,0.0,0.0,0.203,0.297,0.0,1.0,0.05,0.05,0.05
dd6_seq_gate,0.1,0.5,0.25,0.02,0.1,0.0,0.224,0.547,0.15,0.85,0.055,0.05,0.3
dd6_seq_gate,0.1,0.5,0.25,0.02,0.3,0.0,0.153,0.547,0.85,0.15,0.033,0.3,0.3
dd6_seq_gate,0.1,0.5,0.25,0.1,0.0,0.0,0.303,0.397,0.0,1.0,0.15,0.15,0.15
dd6_seq_gate,0.1,0.5,0.25,0.1,0.1,0.0,0.162,0.547,0.8,0.2,0.03,0.15,0.15
dd6_seq_gate,0.1,0.5,0.25,0.1,0.3,0.0,0.048,0.547,1.0,0.0,0.0,0.0,0.0
dd6_seq_gate,0.1,1.0,0.05,0.02,0.0,0.0,0.075,0.097,0.0,1.0,0.05,0.05,0.05
dd6_seq_gate,0.1,1.0,0.05,0.02,0.1,0.0,0.075,0.097,0.0,1.0,0.058,0.1,0.1
dd6_seq_gate,0.1,1.0,0.05,0.02,0.3,0.0,0.093,0.195,0.0,1.0,0.095,0.25,0.3
dd6_seq_gate,0.1,1.0,0.05,0.1,0.0,0.0,0.175,0.197,0.0,1.0,0.05,0.05,0.05
dd6_seq_gate,0.1,1.0,0.05,0.1,0.1,0.0,0.175,0.197,0.0,1.0,0.053,0.05,0.1
dd6_seq_gate,0.1,1.0,0.05,0.1,0.3,0.0,0.193,0.295,0.0,1.0,0.07,0.1,0.15
dd6_seq_gate,0.1,1.0,0.1,0.02,0.0,0.0,0.1,0.147,0.0,1.0,0.1,0.1,0.1
dd6_seq_gate,0.1,1.0,0.1,0.02,0.1,0.0,0.115,0.206,0.0,1.0,0.105,0.1,0.2
dd6_seq_gate,0.1,1.0,0.1,0.02,0.3,0.0,0.16,0.335,0.0,1.0,0.16,0.3,0.3
dd6_seq_gate,0.1,1.0,0.1,0.1,0.0,0.0,0.2,0.247,0.0,1.0,0.1,0.1,0.1
dd6_seq_gate,0.1,1.0,0.1,0.1,0.1,0.0,0.215,0.306,0.0,1.0,0.11,0.1,0.3
dd6_seq_gate,0.1,1.0,0.1,0.1,0.3,0.05,0.25,0.435,0.0,1.0,0.14,0.2,0.4
dd6_seq_gate,0.1,1.0,0.25,0.02,0.0,0.0,0.203,0.297,0.0,1.0,0.05,0.05,0.05
dd6_seq_gate,0.1,1.0,0.25,0.02,0.1,0.0,0.24,0.797,0.0,1.0,0.062,0.05,0.3
dd6_seq_gate,0.1,1.0,0.25,0.02,0.3,0.0,0.365,0.993,0.05,0.95,0.16,0.3,0.3
dd6_seq_gate,0.1,1.0,0.25,0.1,0.0,0.0,0.303,0.397,0.0,1.0,0.15,0.15,0.15
dd6_seq_gate,0.1,1.0,0.25,0.1,0.1,0.0,0.34,0.897,0.0,1.0,0.163,0.15,0.4
dd6_seq_gate,0.1,1.0,0.25,0.1,0.3,0.0,0.388,0.993,0.45,0.55,0.2,0.4,0.4
dd6_seq_gate,0.3,0.25,0.05,0.02,0.0,0.0,0.075,0.097,0.0,1.0,0.05,0.05,0.05
dd6_seq_gate,0.3,0.25,0.05,0.02,0.1,0.0,0.075,0.097,0.0,1.0,0.06,0.1,0.15
dd6_seq_gate,0.3,0.25,0.05,0.02,0.3,0.0,0.093,0.195,0.05,0.95,0.062,0.1,0.15
dd6_seq_gate,0.3,0.25,0.05,0.1,0.0,0.0,0.175,0.197,0.0,1.0,0.05,0.05,0.05
dd6_seq_gate,0.3,0.25,0.05,0.1,0.1,0.0,0.166,0.197,0.05,0.95,0.055,0.1,0.15
dd6_seq_gate,0.3,0.25,0.05,0.1,0.3,0.0,0.088,0.295,0.85,0.1,0.008,0.05,0.05
dd6_seq_gate,0.3,0.25,0.1,0.02,0.0,0.0,0.1,0.147,0.0,1.0,0.1,0.1,0.1
dd6_seq_gate,0.3,0.25,0.1,0.02,0.1,0.0,0.096,0.206,0.25,0.75,0.085,0.2,0.2
dd6_seq_gate,0.3,0.25,0.1,0.02,0.3,0.0,0.046,0.233,0.8,0.05,0.006,0.0,0.1
dd6_seq_gate,0.3,0.25,0.1,0.1,0.0,0.0,0.2,0.247,0.0,1.0,0.1,0.1,0.1
dd6_seq_gate,0.3,0.25,0.1,0.1,0.1,0.0,0.058,0.238,0.9,0.0,0.003,0.0,0.05
dd6_seq_gate,0.3,0.25,0.1,0.1,0.3,0.0,0.013,0.159,0.6,0.0,0.0,0.0,0.0
dd6_seq_gate,0.3,0.25,0.25,0.02,0.0,0.0,0.203,0.297,0.0,1.0,0.25,0.25,0.25
dd6_seq_gate,0.3,0.25,0.25,0.02,0.1,0.0,0.113,0.297,0.75,0.1,0.029,0.25,0.25
dd6_seq_gate,0.3,0.25,0.25,0.02,0.3,0.0,0.037,0.297,0.5,0.0,0.0,0.0,0.0
dd6_seq_gate,0.3,0.25,0.25,0.1,0.0,0.0,0,0,1.0,0.0,0.0,0.0,0.0
dd6_seq_gate,0.3,0.25,0.25,0.1,0.1,0.0,0,0,0.85,0.0,0.0,0.0,0.0
dd6_seq_gate,0.3,0.25,0.25,0.1,0.3,0.0,0,0,0.5,0.0,0.0,0.0,0.0
dd6_seq_gate,0.3,0.5,0.05,0.02,0.0,0.0,0.075,0.097,0.0,1.0,0.05,0.05,0.05
dd6_seq_gate,0.3,0.5,0.05,0.02,0.1,0.0,0.075,0.097,0.0,1.0,0.06,0.1,0.15
dd6_seq_gate,0.3,0.5,0.05,0.02,0.3,0.0,0.093,0.195,0.0,1.0,0.065,0.1,0.15
dd6_seq_gate,0.3,0.5,0.05,0.1,0.0,0.0,0.175,0.197,0.0,1.0,0.05,0.05,0.05
dd6_seq_gate,0.3,0.5,0.05,0.1,0.1,0.0,0.175,0.197,0.0,1.0,0.058,0.1,0.15
dd6_seq_gate,0.3,0.5,0.05,0.1,0.3,0.0,0.193,0.295,0.0,1.0,0.075,0.15,0.2
dd6_seq_gate,0.3,0.5,0.1,0.02,0.0,0.0,0.1,0.147,0.0,1.0,0.1,0.1,0.1
dd6_seq_gate,0.3,0.5,0.1,0.02,0.1,0.0,0.115,0.206,0.0,1.0,0.11,0.2,0.2
dd6_seq_gate,0.3,0.5,0.1,0.02,0.3,0.05,0.155,0.335,0.0,1.0,0.165,0.3,0.5
dd6_seq_gate,0.3,0.5,0.1,0.1,0.0,0.0,0.2,0.247,0.0,1.0,0.1,0.1,0.1
dd6_seq_gate,0.3,0.5,0.1,0.1,0.1,0.0,0.215,0.306,0.0,1.0,0.1,0.1,0.1
dd6_seq_gate,0.3,0.5,0.1,0.1,0.3,0.05,0.25,0.435,0.0,1.0,0.14,0.3,0.4
dd6_seq_gate,0.3,0.5,0.25,0.02,0.0,0.0,0.203,0.297,0.0,1.0,0.25,0.25,0.25
dd6_seq_gate,0.3,0.5,0.25,0.02,0.1,0.0,0.224,0.547,0.15,0.85,0.225,0.25,0.5
dd6_seq_gate,0.3,0.5,0.25,0.02,0.3,0.0,0.153,0.547,0.85,0.15,0.062,0.5,0.5
dd6_seq_gate,0.3,0.5,0.25,0.1,0.0,0.0,0.303,0.397,0.0,1.0,0.1,0.1,0.1
dd6_seq_gate,0.3,0.5,0.25,0.1,0.1,0.0,0.162,0.547,0.8,0.2,0.02,0.1,0.1
dd6_seq_gate,0.3,0.5,0.25,0.1,0.3,0.0,0.048,0.547,1.0,0.0,0.0,0.0,0.0
dd6_seq_gate,0.3,1.0,0.05,0.02,0.0,0.0,0.075,0.097,0.0,1.0,0.05,0.05,0.05
dd6_seq_gate,0.3,1.0,0.05,0.02,0.1,0.0,0.075,0.097,0.0,1.0,0.06,0.1,0.15
dd6_seq_gate,0.3,1.0,0.05,0.02,0.3,0.0,0.093,0.195,0.0,1.0,0.065,0.1,0.15
dd6_seq_gate,0.3,1.0,0.05,0.1,0.0,0.0,0.175,0.197,0.0,1.0,0.05,0.05,0.05
dd6_seq_gate,0.3,1.0,0.05,0.1,0.1,0.0,0.175,0.197,0.0,1.0,0.058,0.1,0.15
dd6_seq_gate,0.3,1.0,0.05,0.1,0.3,0.0,0.193,0.295,0.0,1.0,0.075,0.15,0.2
dd6_seq_gate,0.3,1.0,0.1,0.02,0.0,0.0,0.1,0.147,0.0,1.0,0.1,0.1,0.1
dd6_seq_gate,0.3,1.0,0.1,0.02,0.1,0.0,0.115,0.206,0.0,1.0,0.11,0.2,0.2
dd6_seq_gate,0.3,1.0,0.1,0.02,0.3,0.05,0.155,0.335,0.0,1.0,0.165,0.3,0.5
dd6_seq_gate,0.3,1.0,0.1,0.1,0.0,0.0,0.2,0.247,0.0,1.0,0.1,0.1,0.1
dd6_seq_gate,0.3,1.0,0.1,0.1,0.1,0.0,0.215,0.306,0.0,1.0,0.1,0.1,0.1
dd6_seq_gate,0.3,1.0,0.1,0.1,0.3,0.05,0.25,0.435,0.0,1.0,0.14,0.3,0.4
dd6_seq_gate,0.3,1.0,0.25,0.02,0.0,0.0,0.203,0.297,0.0,1.0,0.25,0.25,0.25
dd6_seq_gate,0.3,1.0,0.25,0.02,0.1,0.0,0.24,0.797,0.0,1.0,0.263,0.25,0.5
dd6_seq_gate,0.3,1.0,0.25,0.02,0.3,0.0,0.365,0.993,0.05,0.95,0.35,0.5,0.5
dd6_seq_gate,0.3,1.0,0.25,0.1,0.0,0.0,0.303,0.397,0.0,1.0,0.1,0.1,0.1
dd6_seq_gate,0.3,1.0,0.25,0.1,0.1,0.0,0.34,0.897,0.0,1.0,0.113,0.1,0.35
dd6_seq_gate,0.3,1.0,0.25,0.1,0.3,0.05,0.378,0.993,0.45,0.55,0.155,0.6,0.6
dd6_seq_gate,1.0,0.25,0.05,0.02,0.0,0.0,0.075,0.097,0.0,1.0,0.05,0.05,0.05
dd6_seq_gate,1.0,0.25,0.05,0.02,0.1,0.0,0.075,0.097,0.0,1.0,0.06,0.15,0.15
dd6_seq_gate,1.0,0.25,0.05,0.02,0.3,0.0,0.093,0.195,0.05,0.95,0.06,0.1,0.2
dd6_seq_gate,1.0,0.25,0.05,0.1,0.0,0.0,0.175,0.197,0.0,1.0,0.05,0.05,0.05
dd6_seq_gate,1.0,0.25,0.05,0.1,0.1,0.0,0.166,0.197,0.05,0.95,0.053,0.1,0.1
dd6_seq_gate,1.0,0.25,0.05,0.1,0.3,0.0,0.088,0.295,0.85,0.1,0.008,0.05,0.05
dd6_seq_gate,1.0,0.25,0.1,0.02,0.0,0.0,0.1,0.147,0.0,1.0,0.1,0.1,0.1
dd6_seq_gate,1.0,0.25,0.1,0.02,0.1,0.0,0.096,0.206,0.25,0.75,0.075,0.1,0.1
dd6_seq_gate,1.0,0.25,0.1,0.02,0.3,0.0,0.046,0.233,0.8,0.05,0.006,0.0,0.1
dd6_seq_gate,1.0,0.25,0.1,0.1,0.0,0.0,0.2,0.247,0.0,1.0,0.1,0.1,0.1
dd6_seq_gate,1.0,0.25,0.1,0.1,0.1,0.0,0.058,0.238,0.9,0.0,0.0,0.0,0.0
dd6_seq_gate,1.0,0.25,0.1,0.1,0.3,0.0,0.013,0.159,0.6,0.0,0.0,0.0,0.0
dd6_seq_gate,1.0,0.25,0.25,0.02,0.0,0.0,0.203,0.297,0.0,1.0,0.2,0.2,0.2
dd6_seq_gate,1.0,0.25,0.25,0.02,0.1,0.0,0.113,0.297,0.75,0.1,0.035,0.2,0.2
dd6_seq_gate,1.0,0.25,0.25,0.02,0.3,0.0,0.037,0.297,0.5,0.0,0.0,0.0,0.0
dd6_seq_gate,1.0,0.25,0.25,0.1,0.0,0.0,0,0,1.0,0.0,0.0,0.0,0.0
dd6_seq_gate,1.0,0.25,0.25,0.1,0.1,0.0,0,0,0.85,0.0,0.0,0.0,0.0
dd6_seq_gate,1.0,0.25,0.25,0.1,0.3,0.0,0,0,0.5,0.0,0.0,0.0,0.0
dd6_seq_gate,1.0,0.5,0.05,0.02,0.0,0.0,0.075,0.097,0.0,1.0,0.05,0.05,0.05
dd6_seq_gate,1.0,0.5,0.05,0.02,0.1,0.0,0.075,0.097,0.0,1.0,0.06,0.15,0.15
dd6_seq_gate,1.0,0.5,0.05,0.02,0.3,0.0,0.093,0.195,0.0,1.0,0.062,0.1,0.2
dd6_seq_gate,1.0,0.5,0.05,0.1,0.0,0.0,0.175,0.197,0.0,1.0,0.05,0.05,0.05
dd6_seq_gate,1.0,0.5,0.05,0.1,0.1,0.0,0.175,0.197,0.0,1.0,0.055,0.1,0.1
dd6_seq_gate,1.0,0.5,0.05,0.1,0.3,0.0,0.193,0.295,0.0,1.0,0.075,0.15,0.15
dd6_seq_gate,1.0,0.5,0.1,0.02,0.0,0.0,0.1,0.147,0.0,1.0,0.1,0.1,0.1
dd6_seq_gate,1.0,0.5,0.1,0.02,0.1,0.0,0.115,0.206,0.0,1.0,0.1,0.1,0.1
dd6_seq_gate,1.0,0.5,0.1,0.02,0.3,0.05,0.155,0.335,0.0,1.0,0.125,0.2,0.2
dd6_seq_gate,1.0,0.5,0.1,0.1,0.0,0.0,0.2,0.247,0.0,1.0,0.1,0.1,0.1
dd6_seq_gate,1.0,0.5,0.1,0.1,0.1,0.0,0.215,0.306,0.0,1.0,0.105,0.1,0.2
dd6_seq_gate,1.0,0.5,0.1,0.1,0.3,0.05,0.25,0.435,0.05,0.95,0.135,0.2,0.3
dd6_seq_gate,1.0,0.5,0.25,0.02,0.0,0.0,0.203,0.297,0.0,1.0,0.2,0.2,0.2
dd6_seq_gate,1.0,0.5,0.25,0.02,0.1,0.0,0.224,0.547,0.15,0.85,0.195,0.45,0.45
dd6_seq_gate,1.0,0.5,0.25,0.02,0.3,0.0,0.153,0.547,0.85,0.15,0.04,0.2,0.2
dd6_seq_gate,1.0,0.5,0.25,0.1,0.0,0.0,0.303,0.397,0.0,1.0,0.05,0.05,0.05
dd6_seq_gate,1.0,0.5,0.25,0.1,0.1,0.0,0.162,0.547,0.8,0.2,0.04,0.2,0.2
dd6_seq_gate,1.0,0.5,0.25,0.1,0.3,0.0,0.048,0.547,1.0,0.0,0.0,0.0,0.0
dd6_seq_gate,1.0,1.0,0.05,0.02,0.0,0.0,0.075,0.097,0.0,1.0,0.05,0.05,0.05
dd6_seq_gate,1.0,1.0,0.05,0.02,0.1,0.0,0.075,0.097,0.0,1.0,0.06,0.15,0.15
dd6_seq_gate,1.0,1.0,0.05,0.02,0.3,0.0,0.093,0.195,0.0,1.0,0.062,0.1,0.2
dd6_seq_gate,1.0,1.0,0.05,0.1,0.0,0.0,0.175,0.197,0.0,1.0,0.05,0.05,0.05
dd6_seq_gate,1.0,1.0,0.05,0.1,0.1,0.0,0.175,0.197,0.0,1.0,0.055,0.1,0.1
dd6_seq_gate,1.0,1.0,0.05,0.1,0.3,0.0,0.193,0.295,0.0,1.0,0.075,0.15,0.15
dd6_seq_gate,1.0,1.0,0.1,0.02,0.0,0.0,0.1,0.147,0.0,1.0,0.1,0.1,0.1
dd6_seq_gate,1.0,1.0,0.1,0.02,0.1,0.0,0.115,0.206,0.0,1.0,0.1,0.1,0.1
dd6_seq_gate,1.0,1.0,0.1,0.02,0.3,0.05,0.155,0.335,0.0,1.0,0.125,0.2,0.2
dd6_seq_gate,1.0,1.0,0.1,0.1,0.0,0.0,0.2,0.247,0.0,1.0,0.1,0.1,0.1
dd6_seq_gate,1.0,1.0,0.1,0.1,0.1,0.0,0.215,0.306,0.0,1.0,0.105,0.1,0.2
dd6_seq_gate,1.0,1.0,0.1,0.1,0.3,0.05,0.25,0.435,0.0,1.0,0.15,0.3,0.3
dd6_seq_gate,1.0,1.0,0.25,0.02,0.0,0.0,0.203,0.297,0.0,1.0,0.2,0.2,0.2
dd6_seq_gate,1.0,1.0,0.25,0.02,0.1,0.0,0.24,0.797,0.0,1.0,0.225,0.45,0.45
dd6_seq_gate,1.0,1.0,0.25,0.02,0.3,0.0,0.365,0.993,0.05,0.95,0.29,0.7,0.95
dd6_seq_gate,1.0,1.0,0.25,0.1,0.0,0.0,0.303,0.397,0.0,1.0,0.05,0.05,0.05
dd6_seq_gate,1.0,1.0,0.25,0.1,0.1,0.0,0.34,0.897,0.0,1.0,0.1,0.3,0.3
dd6_seq_gate,1.0,1.0,0.25,0.1,0.3,0.0,0.388,0.993,0.4,0.6,0.105,0.3,0.55
