delta_s,cadence_s,delay_s,loss,release_refused,effect_after_rev,exposure_mean_s,exposure_max_s,availability_stop,theoretical_bound_s
0.25,0.05,0.02,0.0,0.0,0.0,0.076,0.098,0.0,0.13
0.25,0.05,0.02,0.1,0.0,0.0,0.082,0.248,0.0,0.13
0.25,0.05,0.02,0.3,0.0,0.025,0.099,0.195,0.15,0.13
0.25,0.05,0.1,0.0,0.0,0.05,0.172,0.198,0.0,0.25
0.25,0.05,0.1,0.1,0.025,0.026,0.178,0.298,0.05,0.25
0.25,0.05,0.1,0.3,0.025,0.0,0.199,0.295,0.825,0.25
0.25,0.1,0.02,0.0,0.0,0.0,0.097,0.147,0.0,0.18
0.25,0.1,0.02,0.1,0.025,0.0,0.115,0.217,0.25,0.18
0.25,0.1,0.02,0.3,0.125,0.0,0.118,0.233,0.825,0.18
0.25,0.1,0.1,0.0,0.0,0.05,0.192,0.247,0.0,0.3
0.25,0.1,0.1,0.1,0.1,0.0,0.16,0.241,0.9,0.3
0.25,0.1,0.1,0.3,0.35,0.0,0.15,0.159,0.65,0.3
0.25,0.25,0.02,0.0,0.0,0.025,0.188,0.297,0.0,0.33
0.25,0.25,0.02,0.1,0.15,0.0,0.193,0.297,0.725,0.33
0.25,0.25,0.02,0.3,0.4,0.0,0.175,0.297,0.6,0.33
0.25,0.25,0.1,0.0,0.0,0.0,,,1.0,0.45
0.25,0.25,0.1,0.1,0.15,0.0,,,0.85,0.45
0.25,0.25,0.1,0.3,0.4,0.0,,,0.6,0.45
0.5,0.05,0.02,0.0,0.0,0.0,0.076,0.098,0.0,0.13
0.5,0.05,0.02,0.1,0.0,0.0,0.082,0.248,0.0,0.13
0.5,0.05,0.02,0.3,0.0,0.025,0.099,0.201,0.0,0.13
0.5,0.05,0.1,0.0,0.0,0.05,0.172,0.198,0.0,0.25
0.5,0.05,0.1,0.1,0.0,0.05,0.178,0.348,0.0,0.25
0.5,0.05,0.1,0.3,0.0,0.05,0.196,0.301,0.0,0.25
0.5,0.1,0.02,0.0,0.0,0.0,0.097,0.147,0.0,0.18
0.5,0.1,0.02,0.1,0.0,0.0,0.112,0.217,0.0,0.18
0.5,0.1,0.02,0.3,0.0,0.025,0.141,0.335,0.125,0.18
0.5,0.1,0.1,0.0,0.0,0.05,0.192,0.247,0.0,0.3
0.5,0.1,0.1,0.1,0.0,0.05,0.207,0.317,0.0,0.3
0.5,0.1,0.1,0.3,0.0,0.05,0.234,0.435,0.15,0.3
0.5,0.25,0.02,0.0,0.0,0.025,0.188,0.297,0.0,0.33
0.5,0.25,0.02,0.1,0.0,0.05,0.225,0.547,0.175,0.33
0.5,0.25,0.02,0.3,0.0,0.05,0.204,0.547,0.675,0.33
0.5,0.25,0.1,0.0,0.0,0.125,0.281,0.397,0.0,0.45
0.5,0.25,0.1,0.1,0.0,0.025,0.287,0.547,0.875,0.45
0.5,0.25,0.1,0.3,0.0,0.0,0.296,0.547,1.0,0.45
1.0,0.05,0.02,0.0,0.0,0.0,0.076,0.098,0.0,0.13
1.0,0.05,0.02,0.1,0.0,0.0,0.082,0.248,0.0,0.13
1.0,0.05,0.02,0.3,0.0,0.025,0.099,0.201,0.0,0.13
1.0,0.05,0.1,0.0,0.0,0.05,0.172,0.198,0.0,0.25
1.0,0.05,0.1,0.1,0.0,0.05,0.178,0.348,0.0,0.25
1.0,0.05,0.1,0.3,0.0,0.05,0.196,0.301,0.0,0.25
1.0,0.1,0.02,0.0,0.0,0.0,0.097,0.147,0.0,0.18
1.0,0.1,0.02,0.1,0.0,0.0,0.112,0.217,0.0,0.18
1.0,0.1,0.02,0.3,0.0,0.025,0.147,0.395,0.0,0.18
1.0,0.1,0.1,0.0,0.0,0.05,0.192,0.247,0.0,0.3
1.0,0.1,0.1,0.1,0.0,0.05,0.207,0.317,0.0,0.3
1.0,0.1,0.1,0.3,0.0,0.05,0.242,0.495,0.0,0.3
1.0,0.25,0.02,0.0,0.0,0.025,0.188,0.297,0.0,0.33
1.0,0.25,0.02,0.1,0.0,0.05,0.233,0.797,0.0,0.33
1.0,0.25,0.02,0.3,0.0,0.1,0.298,0.993,0.05,0.33
1.0,0.25,0.1,0.0,0.0,0.125,0.281,0.397,0.0,0.45
1.0,0.25,0.1,0.1,0.0,0.125,0.324,0.897,0.0,0.45
1.0,0.25,0.1,0.3,0.0,0.125,0.371,0.993,0.325,0.45
